{
	"lproj": [
		"af",
		"sq",
		"be",
		"bg",
		"hr",
		"cs",
		"da",
		"nl",
		"nl-be",
		"en",
		"en-gb",
		"en-au",
		"en-ca",
		"en-nz",
		"en-ie",
		"en-za",
		"en-jm",
		"en-bz",
		"en-tt",
		"et",
		"fo",
		"fi",
		"fr",
		"fr-be",
		"fr-ca",
		"fr-ch",
		"fr-lu",
		"de",
		"de-ch",
		"de-at",
		"de-lu",
		"de-li",
		"el",
		"hu",
		"is",
		"it",
		"it-ch",
		"ja",
		"lv",
		"lt",
		"no",
		"pl",
		"pt",
		"pt-br",
		"ro",
		"ru",
		"sr-latn",
		"sk",
		"sl",
		"es",
		"es-mx",
		"es-gt",
		"es-cr",
		"es-pa",
		"es-do",
		"es-ve",
		"es-co",
		"es-pe",
		"es-ar",
		"es-ec",
		"es-cl",
		"es-uy",
		"es-py",
		"es-bo",
		"es-sv",
		"es-hn",
		"es-ni",
		"es-pr",
		"sv",
		"sv-fi",
		"tr",
		"uk",
		"vi"
	],
	"intl": [
		"Afrikaans",
		"Albanian",
		"Belarusian",
		"Bulgarian",
		"Croatian",
		"Czech",
		"Danish",
		"Dutch Netherlands",
		"Dutch Belgium",
		"English US",
		"English UK",
		"English Australia",
		"English Canada",
		"English New Zealand",
		"English Ireland",
		"English South Africa",
		"English Jamaica",
		"English Belize",
		"English Trinidad",
		"Estonian",
		"Faroese",
		"Finnish",
		"French",
		"French Belgium",
		"French Canada",
		"French Switzerland",
		"French Luxembourg",
		"German",
		"German Switzerland",
		"German Austria",
		"German Luxembourg",
		"German Liechtenstein",
		"Greek",
		"Hungarian",
		"Icelandic",
		"Italian",
		"Italian Switzerland",
		"Japanese",
		"Latvian",
		"Lithuanian",
		"Norwegian",
		"Polish",
		"Portuguese",
		"Portuguese Brazilian",
		"Romanian ",
		"Russian",
		"Serbian",
		"Slovak",
		"Slovenian",
		"Spanish",
		"Spanish Mexican",
		"Spanish Guatemala",
		"Spanish Costa Rica",
		"Spanish Panama",
		"Spanish Dominican Republic",
		"Spanish Venezuela",
		"Spanish Colombia",
		"Spanish Peru",
		"Spanish Argentina",
		"Spanish Ecuador",
		"Spanish Chile",
		"Spanish Uruguay",
		"Spanish Paraguay",
		"Spanish Bolivia",
		"Spanish El Salvador",
		"Spanish Honduras",
		"Spanish Nicaragua",
		"Spanish Puerto Rico",
		"Swedish",
		"Swedish Finland",
		"Turkish",
		"Ukrainian",
		"Viêt Namese"
	],
	"fr": [
		"Afrikaans",
		"Albanais",
		"Biélorusse",
		"Bulgare",
		"Croate",
		"Tchèque",
		"Danois",
		"Néerlandais Pays-Bas",
		"Néerlandais Belgique",
		"Anglais US",
		"Anglais UK",
		"Anglais Australie",
		"Anglais Canada",
		"Anglais Nouvelle-Zélande",
		"Anglais Irlande",
		"Anglais Afrique du Sud",
		"Anglais Jamaïque",
		"Anglais Belize",
		"Anglais Trinidad",
		"Estonien",
		"Féroïen",
		"Finnois",
		"Français",
		"Français Belgique",
		"Français Canada",
		"Français Suisse",
		"Français Luxembourg",
		"Allemand",
		"Allemand Suisse",
		"Allemand Autriche",
		"Allemand Luxembourg",
		"Allemand Liechtenstein",
		"Grec",
		"Hongrois",
		"Islandais",
		"Italien",
		"Italien Suisse",
		"Japonais",
		"Letton",
		"Lituanien",
		"Norvégien",
		"Polonais",
		"Portugais",
		"Portugais Brésilien",
		"Roumain",
		"Russe",
		"Serbe",
		"Slovaque",
		"Slovène",
		"Espagnol",
		"Espagnol Mexique",
		"Espagnol Guatemala",
		"Espagnol Costa Rica",
		"Espagnol Panama",
		"Espagnol République Dominicaine",
		"Espagnol Venezuela",
		"Espagnol Colombie",
		"Espagnol Pérou",
		"Espagnol Argentine",
		"Espagnol Équateur",
		"Espagnol Chili",
		"Espagnol Uruguay",
		"Espagnol Paraguay",
		"Espagnol Bolivie",
		"Espagnol Salvadore",
		"Espagnol Honduras",
		"Espagnol Nicaragua",
		"Espagnol Porto Rico",
		"Suédois",
		"Suédois Finlande",
		"Turc",
		"Ukrainien",
		"Vietnamien"
	],
	"localized": [
		"Afrikaans",
		"Shqip",
		"Беларуская",
		"български език",
		"Hrvatski",
		"Česky",
		"Dansk",
		"Nederlands",
		"Nederlands België",
		"English US",
		"English UK",
		"English Australia",
		"English Canada",
		"English New Zealand",
		"English Ireland",
		"English South Africa",
		"English Jamaica",
		"English Belize",
		"English Trinidad",
		"Eesti keel",
		"Føroyskt",
		"Suomen kieli",
		"Français",
		"Français Belgique",
		"Français Canada",
		"Français Suisse",
		"Français Luxembourg",
		"Deutsche",
		"Deutsche Schweiz",
		"Deutsch Österreich",
		"Deutsch Luxemburg",
		"Deutsch Liechtenstein",
		"Ελληνικά",
		"Magyar",
		"Íslenska",
		"Italiano",
		"Svizzera italiana",
		"日本語",
		"Latviešu valoda",
		"Lietuvių kalba",
		"Norsk",
		"Polski",
		"Português",
		"Português",
		"Română",
		"Pусский язык",
		"Cрпски језик",
		"Slovenčina",
		"Slovenščina",
		"Español",
		"Español Mexicano",
		"Guatemala española",
		"Costa Rica Española",
		"Español Panamá",
		"República Dominicana Española",
		"Venezuela española",
		"Colombia Española",
		"Perú español",
		"Argentina española",
		"Ecuador español",
		"Chile español",
		"Uruguay español",
		"Paraguay español",
		"Bolivia española",
		"Español El Salvador",
		"Honduras española",
		"Nicaragua española",
		"Puerto Rico española",
		"Svenska",
		"Svenska",
		"Türkçe",
		"Yкраїнська мова",
		"Tiếng Việt"
	],
	"ISO639-1": [
		"af",
		"sq",
		"be",
		"bg",
		"hr",
		"cs",
		"da",
		"nl",
		"nl",
		"en",
		"en",
		"en",
		"en",
		"en",
		"en",
		"en",
		"en",
		"en",
		"en",
		"et",
		"fo",
		"fi",
		"fr",
		"fr",
		"fr",
		"fr",
		"fr",
		"de",
		"de",
		"de",
		"de",
		"de",
		"el",
		"hu",
		"is",
		"it",
		"it",
		"ja",
		"lv",
		"lt",
		"no",
		"pl",
		"pt",
		"pt",
		"ro",
		"ru",
		"sr",
		"sk",
		"sl",
		"es",
		"es",
		"es",
		"es",
		"es",
		"es",
		"es",
		"es",
		"es",
		"es",
		"es",
		"es",
		"es",
		"es",
		"es",
		"es",
		"es",
		"es",
		"es",
		"sv",
		"sv",
		"tr",
		"uk",
		"vi"	
	],
	"legacy": [
		"afrikaans",
		"albanian",
		"belarusian",
		"bulgarian",
		"croatian",
		"czech",
		"danish",
		"dutch",
		"dutch",
		"english",
		"english",
		"english",
		"english",
		"english",
		"english",
		"english",
		"english",
		"english",
		"english",
		"estonian",
		"faorese",
		"finnish",
		"french",
		"french",
		"french",
		"french",
		"french",
		"german",
		"german",
		"german",
		"german",
		"german",
		"greek",
		"hungarian",
		"iceland",
		"italian",
		"italian",
		"japanese",
		"latvian",
		"lithuanian",
		"norwegian",
		"polish",
		"portuguese",
		"portuguese",
		"romanian",
		"russian",
		"serbian",
		"slovak",
		"slovenian",
		"spanish",
		"spanish",
		"spanish",
		"spanish",
		"spanish",
		"spanish",
		"spanish",
		"spanish",
		"spanish",
		"spanish",
		"spanish",
		"spanish",
		"spanish",
		"spanish",
		"spanish",
		"spanish",
		"spanish",
		"spanish",
		"spanish",
		"swedish",
		"swedish",
		"turkish",
		"ukrainian",
		"vietnamese"	
	],
	"flag": [
		"🇿🇦",
		"🇦🇱",
		"🇳🇱",
		"🇧🇬",
		"🇭🇷",
		"🇨🇿",
		"🇩🇰",
		"🇳🇱",
		"🇧🇪",
		"🇺🇸",
		"🇬🇧",
		"🇦🇺",
		"🇨🇦",
		"🇳🇿",
		"🇮🇪",
		"🇿🇦",
		"🇯🇲",
		"🇧🇿",
		"🇹🇹",
		"🇪🇪",
		"🇫🇴",
		"🇫🇮",
		"🇫🇷",
		"🇧🇪",
		"🇨🇦",
		"🇨🇭",
		"🇱🇺",
		"🇩🇪",
		"🇨🇭",
		"🇦🇹",
		"🇱🇺",
		"🇱🇮",
		"🇬🇷",
		"🇭🇺",
		"🇮🇸",
		"🇮🇹",
		"🇨🇭",
		"🇯🇵",
		"🇱🇻",
		"🇱🇹",
		"🇳🇴",
		"🇵🇱",
		"🇵🇹",
		"🇧🇷",
		"🇷🇴",
		"🇷🇺",
		"🇷🇸",
		"🇸🇰",
		"🇸🇮",
		"🇪🇸",
		"🇲🇽",
		"🇬🇹",
		"🇨🇷",
		"🇵🇦",
		"🇩🇴",
		"🇻🇪",
		"🇨🇴",
		"🇵🇪",
		"🇦🇷",
		"🇪🇨",
		"🇨🇱",
		"🇺🇾",
		"🇵🇾",
		"🇧🇴",
		"🇸🇻",
		"🇭🇳",
		"🇳🇮",
		"🇵🇷",
		"🇸🇪",
		"🇫🇮",
		"🇹🇷",
		"🇺🇦",
		"🇻🇳"
	],
	"regional": [
		"",
		"",
		"",
		"",
		"",
		"",
		"",
		"",
		"be",
		"",
		"gb",
		"au",
		"ca",
		"nz",
		"ie",
		"za",
		"jm",
		"bz",
		"tt",
		"",
		"",
		"",
		"",
		"be",
		"ca",
		"ch",
		"lu",
		"",
		"ch",
		"at",
		"lu",
		"li",
		"",
		"",
		"",
		"",
		"ch",
		"",
		"",
		"",
		"",
		"",
		"",
		"br",
		"",
		"",
		"latn",
		"",
		"",
		"",
		"mx",
		"gt",
		"cr",
		"pa",
		"do",
		"ve",
		"co",
		"pe",
		"ar",
		"ec",
		"cl",
		"uy",
		"py",
		"bo",
		"sv",
		"hn",
		"ni",
		"pr",
		"",
		"fi",
		"",
		"",
		""
	]
}